comparison,precision,recall,f1_score,sqst
Original_vs_Visitor,0.0975609756097561,1.0,0.17777777777777776,0.04878048780487805
Original_vs_LLM,0.25,1.0,0.4,0.2
